dname1,dname2,date,value,unit
09007,有色肉雞,113,1.000000000000,
09007,有色肉雞,112,1.000000000000,
09007,有色肉雞,111,1.000000000000,
09007,有色肉雞,110,1.000000000000,
09007,有色肉雞,109,0.000000000000,
09007,有色肉雞,108,0.000000000000,
09007,有色肉雞,102,0.000000000000,
09007,有色肉雞,101,0.000000000000,
09007,白肉雞,113,0.000000000000,
09007,白肉雞,112,0.000000000000,
09007,白肉雞,111,0.000000000000,
09007,白肉雞,110,0.000000000000,
09007,白肉雞,109,0.000000000000,
09007,白肉雞,108,0.000000000000,
09007,白肉雞,102,0.000000000000,
09007,白肉雞,101,0.000000000000,
09007,蛋雞,113,1.000000000000,
09007,蛋雞,112,1.000000000000,
09007,蛋雞,109,0.000000000000,
09007,蛋雞,108,1.000000000000,
09007,蛋雞,107,1.000000000000,
09007,蛋雞,106,1.000000000000,
09007,蛋雞,105,1.000000000000,
09007,蛋雞,104,1.000000000000,
09007,蛋雞,103,1.000000000000,
09007,蛋雞,102,2.000000000000,
09007,蛋雞,101,3.000000000000,
09007,蛋雞,100,4.000000000000,
09007,鴨,109,0.000000000000,
09007,鴨,108,0.000000000000,
09007,雞,113,1.000000000000,
09007,雞,112,1.000000000000,
09007,雞,111,1.000000000000,
09007,雞,110,1.000000000000,
09007,雞,109,0.000000000000,
09007,雞,108,1.000000000000,
09007,雞,107,1.000000000000,
09007,雞,106,1.000000000000,
09007,雞,105,1.000000000000,
09007,雞,104,1.000000000000,
09007,雞,103,1.000000000000,
09007,雞,102,2.000000000000,
09007,雞,101,3.000000000000,
09007,雞,100,4.000000000000,
09020,有色肉雞,113,45.000000000000,
09020,有色肉雞,112,50.000000000000,
09020,有色肉雞,111,57.000000000000,
09020,有色肉雞,110,54.000000000000,
09020,有色肉雞,109,92.000000000000,
09020,有色肉雞,108,57.000000000000,
09020,有色肉雞,107,48.000000000000,
09020,有色肉雞,106,51.000000000000,
09020,有色肉雞,105,46.000000000000,
09020,有色肉雞,104,44.000000000000,
09020,有色肉雞,103,48.000000000000,
09020,有色肉雞,102,40.000000000000,
09020,有色肉雞,101,70.000000000000,
09020,有色肉雞,100,51.000000000000,
09020,白肉雞,113,2.000000000000,
09020,白肉雞,112,5.000000000000,
09020,白肉雞,111,4.000000000000,
09020,白肉雞,110,3.000000000000,
09020,白肉雞,109,5.000000000000,
09020,白肉雞,108,7.000000000000,
09020,白肉雞,107,7.000000000000,
09020,白肉雞,106,7.000000000000,
09020,白肉雞,105,4.000000000000,
09020,白肉雞,104,6.000000000000,
09020,白肉雞,103,6.000000000000,
09020,白肉雞,102,9.000000000000,
09020,白肉雞,101,14.000000000000,
09020,白肉雞,100,9.000000000000,
09020,蛋雞,113,11.000000000000,
09020,蛋雞,112,12.000000000000,
09020,蛋雞,111,11.000000000000,
09020,蛋雞,110,12.000000000000,
09020,蛋雞,109,13.000000000000,
09020,蛋雞,108,12.000000000000,
09020,蛋雞,107,11.000000000000,
09020,蛋雞,106,11.000000000000,
09020,蛋雞,105,12.000000000000,
09020,蛋雞,104,11.000000000000,
09020,蛋雞,103,11.000000000000,
09020,蛋雞,102,12.000000000000,
09020,蛋雞,101,12.000000000000,
09020,蛋雞,100,12.000000000000,
09020,火雞,112,0.000000000000,
09020,火雞,111,0.000000000000,
09020,火雞,110,2.000000000000,
09020,火雞,109,2.000000000000,
09020,火雞,108,2.000000000000,
09020,火雞,107,2.000000000000,
09020,火雞,106,1.000000000000,
09020,火雞,105,1.000000000000,
09020,火雞,104,1.000000000000,
09020,火雞,103,1.000000000000,
09020,火雞,102,1.000000000000,
09020,火雞,101,1.000000000000,
09020,火雞,100,1.000000000000,
09020,鵝,113,2.000000000000,
09020,鵝,112,2.000000000000,
09020,鵝,111,2.000000000000,
09020,鵝,110,3.000000000000,
09020,鵝,109,5.000000000000,
09020,鵝,108,4.000000000000,
09020,鵝,107,3.000000000000,
09020,鵝,106,2.000000000000,
09020,鵝,105,2.000000000000,
09020,鵝,104,1.000000000000,
09020,鵝,103,3.000000000000,
09020,鵝,102,7.000000000000,
09020,鵝,101,11.000000000000,
09020,鵝,100,6.000000000000,
09020,鴨,113,7.000000000000,
09020,鴨,112,9.000000000000,
09020,鴨,111,9.000000000000,
09020,鴨,110,11.000000000000,
09020,鴨,109,11.000000000000,
09020,鴨,108,12.000000000000,
09020,鴨,107,13.000000000000,
09020,鴨,106,10.000000000000,
09020,鴨,105,10.000000000000,
09020,鴨,104,7.000000000000,
09020,鴨,103,12.000000000000,
09020,鴨,102,13.000000000000,
09020,鴨,101,26.000000000000,
09020,鴨,100,12.000000000000,
09020,雞,113,57.000000000000,
09020,雞,112,64.000000000000,
09020,雞,111,72.000000000000,
09020,雞,110,66.000000000000,
09020,雞,109,102.000000000000,
09020,雞,108,67.000000000000,
09020,雞,107,61.000000000000,
09020,雞,106,59.000000000000,
09020,雞,105,53.000000000000,
09020,雞,104,50.000000000000,
09020,雞,103,53.000000000000,
09020,雞,102,53.000000000000,
09020,雞,101,92.000000000000,
09020,雞,100,61.000000000000,
金馬地區0,有色肉雞,113,46.000000000000,
金馬地區0,有色肉雞,112,51.000000000000,
金馬地區0,有色肉雞,111,58.000000000000,
金馬地區0,有色肉雞,110,55.000000000000,
金馬地區0,有色肉雞,109,92.000000000000,
金馬地區0,有色肉雞,108,57.000000000000,
金馬地區0,有色肉雞,107,48.000000000000,
金馬地區0,有色肉雞,106,51.000000000000,
金馬地區0,有色肉雞,105,46.000000000000,
金馬地區0,有色肉雞,104,44.000000000000,
金馬地區0,有色肉雞,103,48.000000000000,
金馬地區0,有色肉雞,102,40.000000000000,
金馬地區0,有色肉雞,101,70.000000000000,
金馬地區0,有色肉雞,100,51.000000000000,
金馬地區0,白肉雞,113,2.000000000000,
金馬地區0,白肉雞,112,5.000000000000,
金馬地區0,白肉雞,111,4.000000000000,
金馬地區0,白肉雞,110,3.000000000000,
金馬地區0,白肉雞,109,5.000000000000,
金馬地區0,白肉雞,108,7.000000000000,
金馬地區0,白肉雞,107,7.000000000000,
金馬地區0,白肉雞,106,7.000000000000,
金馬地區0,白肉雞,105,4.000000000000,
金馬地區0,白肉雞,104,6.000000000000,
金馬地區0,白肉雞,103,6.000000000000,
金馬地區0,白肉雞,102,9.000000000000,
金馬地區0,白肉雞,101,14.000000000000,
金馬地區0,白肉雞,100,9.000000000000,
金馬地區0,蛋雞,113,12.000000000000,
金馬地區0,蛋雞,112,13.000000000000,
金馬地區0,蛋雞,111,11.000000000000,
金馬地區0,蛋雞,110,12.000000000000,
金馬地區0,蛋雞,109,13.000000000000,
金馬地區0,蛋雞,108,13.000000000000,
金馬地區0,蛋雞,107,12.000000000000,
金馬地區0,蛋雞,106,12.000000000000,
金馬地區0,蛋雞,105,13.000000000000,
金馬地區0,蛋雞,104,12.000000000000,
金馬地區0,蛋雞,103,12.000000000000,
金馬地區0,蛋雞,102,14.000000000000,
金馬地區0,蛋雞,101,15.000000000000,
金馬地區0,蛋雞,100,16.000000000000,
金馬地區0,火雞,112,0.000000000000,
金馬地區0,火雞,111,0.000000000000,
金馬地區0,火雞,110,2.000000000000,
金馬地區0,火雞,109,2.000000000000,
金馬地區0,火雞,108,2.000000000000,
金馬地區0,火雞,107,2.000000000000,
金馬地區0,火雞,106,1.000000000000,
金馬地區0,火雞,105,1.000000000000,
金馬地區0,火雞,104,1.000000000000,
金馬地區0,火雞,103,1.000000000000,
金馬地區0,火雞,102,1.000000000000,
金馬地區0,火雞,101,1.000000000000,
金馬地區0,火雞,100,1.000000000000,
金馬地區0,鵝,113,2.000000000000,
金馬地區0,鵝,112,2.000000000000,
金馬地區0,鵝,111,2.000000000000,
金馬地區0,鵝,110,3.000000000000,
金馬地區0,鵝,109,5.000000000000,
金馬地區0,鵝,108,4.000000000000,
金馬地區0,鵝,107,3.000000000000,
金馬地區0,鵝,106,2.000000000000,
金馬地區0,鵝,105,2.000000000000,
金馬地區0,鵝,104,1.000000000000,
金馬地區0,鵝,103,3.000000000000,
金馬地區0,鵝,102,7.000000000000,
金馬地區0,鵝,101,11.000000000000,
金馬地區0,鵝,100,6.000000000000,
金馬地區0,鴨,113,7.000000000000,
金馬地區0,鴨,112,9.000000000000,
金馬地區0,鴨,111,9.000000000000,
金馬地區0,鴨,110,11.000000000000,
金馬地區0,鴨,109,11.000000000000,
金馬地區0,鴨,108,12.000000000000,
金馬地區0,鴨,107,13.000000000000,
金馬地區0,鴨,106,10.000000000000,
金馬地區0,鴨,105,10.000000000000,
金馬地區0,鴨,104,7.000000000000,
金馬地區0,鴨,103,12.000000000000,
金馬地區0,鴨,102,13.000000000000,
金馬地區0,鴨,101,26.000000000000,
金馬地區0,鴨,100,12.000000000000,
金馬地區0,雞,113,58.000000000000,
金馬地區0,雞,112,65.000000000000,
金馬地區0,雞,111,73.000000000000,
金馬地區0,雞,110,67.000000000000,
金馬地區0,雞,109,102.000000000000,
金馬地區0,雞,108,68.000000000000,
金馬地區0,雞,107,62.000000000000,
金馬地區0,雞,106,60.000000000000,
金馬地區0,雞,105,54.000000000000,
金馬地區0,雞,104,51.000000000000,
金馬地區0,雞,103,54.000000000000,
金馬地區0,雞,102,55.000000000000,
金馬地區0,雞,101,95.000000000000,
金馬地區0,雞,100,65.000000000000,
68000,有色肉雞,113,47.000000000000,
68000,有色肉雞,112,45.000000000000,
68000,有色肉雞,111,52.000000000000,
68000,有色肉雞,110,56.000000000000,
68000,有色肉雞,109,66.000000000000,
68000,有色肉雞,108,39.000000000000,
68000,有色肉雞,107,46.000000000000,
68000,有色肉雞,106,54.000000000000,
68000,有色肉雞,105,58.000000000000,
68000,有色肉雞,104,47.000000000000,
68000,白肉雞,113,67.000000000000,
68000,白肉雞,112,68.000000000000,
68000,白肉雞,111,67.000000000000,
68000,白肉雞,110,68.000000000000,
68000,白肉雞,109,71.000000000000,
68000,白肉雞,108,72.000000000000,
68000,白肉雞,107,73.000000000000,
68000,白肉雞,106,71.000000000000,
68000,白肉雞,105,69.000000000000,
68000,白肉雞,104,76.000000000000,
68000,蛋雞,113,32.000000000000,
68000,蛋雞,112,29.000000000000,
68000,蛋雞,111,23.000000000000,
68000,蛋雞,110,22.000000000000,
68000,蛋雞,109,22.000000000000,
68000,蛋雞,108,16.000000000000,
68000,蛋雞,107,16.000000000000,
68000,蛋雞,106,17.000000000000,
68000,蛋雞,105,17.000000000000,
68000,蛋雞,104,15.000000000000,
68000,火雞,113,1.000000000000,
68000,火雞,112,2.000000000000,
68000,火雞,111,2.000000000000,
68000,火雞,110,1.000000000000,
68000,火雞,109,1.000000000000,
68000,火雞,108,2.000000000000,
68000,火雞,107,2.000000000000,
68000,火雞,106,2.000000000000,
68000,火雞,105,2.000000000000,
68000,火雞,104,1.000000000000,
68000,鵝,113,19.000000000000,
68000,鵝,112,17.000000000000,
68000,鵝,111,16.000000000000,
68000,鵝,110,16.000000000000,
68000,鵝,109,14.000000000000,
68000,鵝,108,9.000000000000,
68000,鵝,107,10.000000000000,
68000,鵝,106,9.000000000000,
68000,鵝,105,8.000000000000,
68000,鵝,104,8.000000000000,
68000,鴨,113,14.000000000000,
68000,鴨,112,14.000000000000,
68000,鴨,111,14.000000000000,
68000,鴨,110,14.000000000000,
68000,鴨,109,11.000000000000,
68000,鴨,108,7.000000000000,
68000,鴨,107,10.000000000000,
68000,鴨,106,10.000000000000,
68000,鴨,105,12.000000000000,
68000,鴨,104,10.000000000000,
68000,雞,113,131.000000000000,
68000,雞,112,128.000000000000,
68000,雞,111,120.000000000000,
68000,雞,110,127.000000000000,
68000,雞,109,140.000000000000,
68000,雞,108,122.000000000000,
68000,雞,107,125.000000000000,
68000,雞,106,127.000000000000,
68000,雞,105,129.000000000000,
68000,雞,104,126.000000000000,
67000,有色肉雞,113,515.000000000000,
67000,有色肉雞,112,516.000000000000,
67000,有色肉雞,111,539.000000000000,
67000,有色肉雞,110,566.000000000000,
67000,有色肉雞,109,541.000000000000,
67000,有色肉雞,108,537.000000000000,
67000,有色肉雞,107,550.000000000000,
67000,有色肉雞,106,534.000000000000,
67000,有色肉雞,105,523.000000000000,
67000,有色肉雞,104,534.000000000000,
67000,有色肉雞,103,515.000000000000,
67000,有色肉雞,102,494.000000000000,
67000,有色肉雞,101,506.000000000000,
67000,有色肉雞,100,519.000000000000,
67000,白肉雞,113,132.000000000000,
67000,白肉雞,112,116.000000000000,
67000,白肉雞,111,113.000000000000,
67000,白肉雞,110,111.000000000000,
67000,白肉雞,109,105.000000000000,
67000,白肉雞,108,99.000000000000,
67000,白肉雞,107,88.000000000000,
67000,白肉雞,106,84.000000000000,
67000,白肉雞,105,85.000000000000,
67000,白肉雞,104,82.000000000000,
67000,白肉雞,103,83.000000000000,
67000,白肉雞,102,86.000000000000,
67000,白肉雞,101,88.000000000000,
67000,白肉雞,100,92.000000000000,
67000,蛋雞,113,216.000000000000,
67000,蛋雞,112,205.000000000000,
67000,蛋雞,111,195.000000000000,
67000,蛋雞,110,193.000000000000,
67000,蛋雞,109,189.000000000000,
67000,蛋雞,108,178.000000000000,
67000,蛋雞,107,170.000000000000,
67000,蛋雞,106,170.000000000000,
67000,蛋雞,105,168.000000000000,
67000,蛋雞,104,168.000000000000,
67000,蛋雞,103,170.000000000000,
67000,蛋雞,102,166.000000000000,
67000,蛋雞,101,168.000000000000,
67000,蛋雞,100,159.000000000000,
67000,火雞,113,23.000000000000,
67000,火雞,112,21.000000000000,
67000,火雞,111,16.000000000000,
67000,火雞,110,24.000000000000,
67000,火雞,109,26.000000000000,
67000,火雞,108,32.000000000000,
67000,火雞,107,30.000000000000,
67000,火雞,106,25.000000000000,
67000,火雞,105,25.000000000000,
67000,火雞,104,22.000000000000,
67000,火雞,103,24.000000000000,
67000,火雞,102,24.000000000000,
67000,火雞,101,26.000000000000,
67000,火雞,100,25.000000000000,
67000,鵝,113,123.000000000000,
67000,鵝,112,119.000000000000,
67000,鵝,111,117.000000000000,
67000,鵝,110,125.000000000000,
67000,鵝,109,119.000000000000,
67000,鵝,108,107.000000000000,
67000,鵝,107,108.000000000000,
67000,鵝,106,101.000000000000,
67000,鵝,105,83.000000000000,
67000,鵝,104,70.000000000000,
67000,鵝,103,126.000000000000,
67000,鵝,102,118.000000000000,
67000,鵝,101,109.000000000000,
67000,鵝,100,111.000000000000,
67000,鴨,113,100.000000000000,
67000,鴨,112,104.000000000000,
67000,鴨,111,100.000000000000,
67000,鴨,110,107.000000000000,
67000,鴨,109,114.000000000000,
67000,鴨,108,125.000000000000,
67000,鴨,107,137.000000000000,
67000,鴨,106,136.000000000000,
67000,鴨,105,147.000000000000,
67000,鴨,104,162.000000000000,
67000,鴨,103,164.000000000000,
67000,鴨,102,170.000000000000,
67000,鴨,101,197.000000000000,
67000,鴨,100,194.000000000000,
67000,雞,113,907.000000000000,
67000,雞,112,876.000000000000,
67000,雞,111,875.000000000000,
67000,雞,110,889.000000000000,
67000,雞,109,851.000000000000,
67000,雞,108,833.000000000000,
67000,雞,107,849.000000000000,
67000,雞,106,809.000000000000,
67000,雞,105,790.000000000000,
67000,雞,104,790.000000000000,
67000,雞,103,771.000000000000,
67000,雞,102,743.000000000000,
67000,雞,101,767.000000000000,
67000,雞,100,793.000000000000,
66000,有色肉雞,113,103.000000000000,
66000,有色肉雞,112,100.000000000000,
66000,有色肉雞,111,105.000000000000,
66000,有色肉雞,110,106.000000000000,
66000,有色肉雞,109,118.000000000000,
66000,有色肉雞,108,103.000000000000,
66000,有色肉雞,107,110.000000000000,
66000,有色肉雞,106,116.000000000000,
66000,有色肉雞,105,118.000000000000,
66000,有色肉雞,104,141.000000000000,
66000,有色肉雞,103,138.000000000000,
66000,有色肉雞,102,131.000000000000,
66000,有色肉雞,101,133.000000000000,
66000,有色肉雞,100,146.000000000000,
66000,白肉雞,113,28.000000000000,
66000,白肉雞,112,29.000000000000,
66000,白肉雞,111,31.000000000000,
66000,白肉雞,110,36.000000000000,
66000,白肉雞,109,38.000000000000,
66000,白肉雞,108,37.000000000000,
66000,白肉雞,107,38.000000000000,
66000,白肉雞,106,42.000000000000,
66000,白肉雞,105,44.000000000000,
66000,白肉雞,104,36.000000000000,
66000,白肉雞,103,44.000000000000,
66000,白肉雞,102,43.000000000000,
66000,白肉雞,101,41.000000000000,
66000,白肉雞,100,42.000000000000,
66000,蛋雞,113,48.000000000000,
66000,蛋雞,112,46.000000000000,
66000,蛋雞,111,39.000000000000,
66000,蛋雞,110,39.000000000000,
66000,蛋雞,109,36.000000000000,
66000,蛋雞,108,36.000000000000,
66000,蛋雞,107,35.000000000000,
66000,蛋雞,106,35.000000000000,
66000,蛋雞,105,35.000000000000,
66000,蛋雞,104,34.000000000000,
66000,蛋雞,103,32.000000000000,
66000,蛋雞,102,30.000000000000,
66000,蛋雞,101,28.000000000000,
66000,蛋雞,100,30.000000000000,
66000,火雞,113,0.000000000000,
66000,火雞,112,0.000000000000,
66000,火雞,111,1.000000000000,
66000,火雞,110,3.000000000000,
66000,火雞,109,3.000000000000,
66000,火雞,108,3.000000000000,
66000,火雞,107,3.000000000000,
66000,火雞,106,3.000000000000,
66000,火雞,105,1.000000000000,
66000,火雞,104,2.000000000000,
66000,火雞,103,4.000000000000,
66000,火雞,102,6.000000000000,
66000,火雞,101,5.000000000000,
66000,火雞,100,5.000000000000,
66000,鵝,113,13.000000000000,
66000,鵝,112,12.000000000000,
66000,鵝,111,11.000000000000,
66000,鵝,110,13.000000000000,
66000,鵝,109,14.000000000000,
66000,鵝,108,13.000000000000,
66000,鵝,107,17.000000000000,
66000,鵝,106,13.000000000000,
66000,鵝,105,15.000000000000,
66000,鵝,104,10.000000000000,
66000,鵝,103,20.000000000000,
66000,鵝,102,22.000000000000,
66000,鵝,101,26.000000000000,
66000,鵝,100,25.000000000000,
66000,鴨,113,29.000000000000,
66000,鴨,112,35.000000000000,
66000,鴨,111,38.000000000000,
66000,鴨,110,38.000000000000,
66000,鴨,109,44.000000000000,
66000,鴨,108,43.000000000000,
66000,鴨,107,44.000000000000,
66000,鴨,106,43.000000000000,
66000,鴨,105,44.000000000000,
66000,鴨,104,44.000000000000,
66000,鴨,103,49.000000000000,
66000,鴨,102,51.000000000000,
66000,鴨,101,48.000000000000,
66000,鴨,100,47.000000000000,
66000,雞,113,183.000000000000,
66000,雞,112,178.000000000000,
66000,雞,111,176.000000000000,
66000,雞,110,185.000000000000,
66000,雞,109,191.000000000000,
66000,雞,108,182.000000000000,
66000,雞,107,179.000000000000,
66000,雞,106,187.000000000000,
66000,雞,105,182.000000000000,
66000,雞,104,181.000000000000,
66000,雞,103,187.000000000000,
66000,雞,102,184.000000000000,
66000,雞,101,186.000000000000,
66000,雞,100,197.000000000000,
65000,有色肉雞,113,38.000000000000,
65000,有色肉雞,112,40.000000000000,
65000,有色肉雞,111,42.000000000000,
65000,有色肉雞,110,52.000000000000,
65000,有色肉雞,109,52.000000000000,
65000,有色肉雞,108,48.000000000000,
65000,有色肉雞,107,49.000000000000,
65000,有色肉雞,106,52.000000000000,
65000,有色肉雞,105,46.000000000000,
65000,有色肉雞,104,52.000000000000,
65000,有色肉雞,103,53.000000000000,
65000,有色肉雞,102,59.000000000000,
65000,有色肉雞,101,69.000000000000,
65000,有色肉雞,100,80.000000000000,
65000,白肉雞,113,3.000000000000,
65000,白肉雞,112,1.000000000000,
65000,白肉雞,111,2.000000000000,
65000,白肉雞,110,3.000000000000,
65000,白肉雞,109,5.000000000000,
65000,白肉雞,108,4.000000000000,
65000,白肉雞,107,4.000000000000,
65000,白肉雞,106,4.000000000000,
65000,白肉雞,105,2.000000000000,
65000,白肉雞,104,3.000000000000,
65000,白肉雞,103,2.000000000000,
65000,白肉雞,102,3.000000000000,
65000,白肉雞,101,8.000000000000,
65000,白肉雞,100,4.000000000000,
65000,蛋雞,113,18.000000000000,
65000,蛋雞,112,15.000000000000,
65000,蛋雞,111,14.000000000000,
65000,蛋雞,110,15.000000000000,
65000,蛋雞,109,7.000000000000,
65000,蛋雞,108,5.000000000000,
65000,蛋雞,107,3.000000000000,
65000,蛋雞,106,2.000000000000,
65000,蛋雞,105,0.000000000000,
65000,蛋雞,104,1.000000000000,
65000,蛋雞,103,0.000000000000,
65000,蛋雞,102,0.000000000000,
65000,蛋雞,101,0.000000000000,
65000,蛋雞,100,0.000000000000,
65000,火雞,106,0.000000000000,
65000,火雞,105,1.000000000000,
65000,火雞,104,1.000000000000,
65000,火雞,103,1.000000000000,
65000,火雞,102,1.000000000000,
65000,火雞,101,1.000000000000,
65000,火雞,100,1.000000000000,
65000,鵝,113,3.000000000000,
65000,鵝,112,3.000000000000,
65000,鵝,111,4.000000000000,
65000,鵝,110,3.000000000000,
65000,鵝,109,2.000000000000,
65000,鵝,108,1.000000000000,
65000,鵝,107,2.000000000000,
65000,鵝,106,1.000000000000,
65000,鵝,105,2.000000000000,
65000,鵝,104,3.000000000000,
65000,鵝,103,3.000000000000,
65000,鵝,102,3.000000000000,
65000,鵝,101,3.000000000000,
65000,鵝,100,5.000000000000,
65000,鴨,113,4.000000000000,
65000,鴨,112,4.000000000000,
65000,鴨,111,3.000000000000,
65000,鴨,110,3.000000000000,
65000,鴨,109,3.000000000000,
65000,鴨,108,3.000000000000,
65000,鴨,107,2.000000000000,
65000,鴨,106,5.000000000000,
65000,鴨,105,3.000000000000,
65000,鴨,104,6.000000000000,
65000,鴨,103,5.000000000000,
65000,鴨,102,5.000000000000,
65000,鴨,101,9.000000000000,
65000,鴨,100,10.000000000000,
65000,雞,113,46.000000000000,
65000,雞,112,43.000000000000,
65000,雞,111,47.000000000000,
65000,雞,110,54.000000000000,
65000,雞,109,47.000000000000,
65000,雞,108,44.000000000000,
65000,雞,107,41.000000000000,
65000,雞,106,45.000000000000,
65000,雞,105,40.000000000000,
65000,雞,104,44.000000000000,
65000,雞,103,46.000000000000,
65000,雞,102,47.000000000000,
65000,雞,101,54.000000000000,
65000,雞,100,60.000000000000,
64000,有色肉雞,113,219.000000000000,
64000,有色肉雞,112,216.000000000000,
64000,有色肉雞,111,216.000000000000,
64000,有色肉雞,110,224.000000000000,
64000,有色肉雞,109,228.000000000000,
64000,有色肉雞,108,247.000000000000,
64000,有色肉雞,107,242.000000000000,
64000,有色肉雞,106,242.000000000000,
64000,有色肉雞,105,249.000000000000,
64000,有色肉雞,104,244.000000000000,
64000,有色肉雞,103,248.000000000000,
64000,有色肉雞,102,261.000000000000,
64000,有色肉雞,101,272.000000000000,
64000,有色肉雞,100,295.000000000000,
64000,白肉雞,113,6.000000000000,
64000,白肉雞,112,6.000000000000,
64000,白肉雞,111,5.000000000000,
64000,白肉雞,110,5.000000000000,
64000,白肉雞,109,3.000000000000,
64000,白肉雞,108,4.000000000000,
64000,白肉雞,107,5.000000000000,
64000,白肉雞,106,6.000000000000,
64000,白肉雞,105,3.000000000000,
64000,白肉雞,104,5.000000000000,
64000,白肉雞,103,5.000000000000,
64000,白肉雞,102,7.000000000000,
64000,白肉雞,101,9.000000000000,
64000,白肉雞,100,10.000000000000,
64000,蛋雞,113,140.000000000000,
64000,蛋雞,112,140.000000000000,
64000,蛋雞,111,135.000000000000,
64000,蛋雞,110,124.000000000000,
64000,蛋雞,109,120.000000000000,
64000,蛋雞,108,122.000000000000,
64000,蛋雞,107,123.000000000000,
64000,蛋雞,106,120.000000000000,
64000,蛋雞,105,116.000000000000,
64000,蛋雞,104,113.000000000000,
64000,蛋雞,103,113.000000000000,
64000,蛋雞,102,115.000000000000,
64000,蛋雞,101,113.000000000000,
64000,蛋雞,100,115.000000000000,
64000,火雞,108,0.000000000000,
64000,火雞,107,0.000000000000,
64000,火雞,105,0.000000000000,
64000,火雞,104,0.000000000000,
64000,火雞,103,1.000000000000,
64000,火雞,102,1.000000000000,
64000,火雞,101,1.000000000000,
64000,火雞,100,1.000000000000,
64000,鵝,113,50.000000000000,
64000,鵝,112,42.000000000000,
64000,鵝,111,46.000000000000,
64000,鵝,110,44.000000000000,
64000,鵝,109,48.000000000000,
64000,鵝,108,48.000000000000,
64000,鵝,107,45.000000000000,
64000,鵝,106,44.000000000000,
64000,鵝,105,31.000000000000,
64000,鵝,104,26.000000000000,
64000,鵝,103,33.000000000000,
64000,鵝,102,39.000000000000,
64000,鵝,101,44.000000000000,
64000,鵝,100,37.000000000000,
64000,鴨,113,35.000000000000,
64000,鴨,112,38.000000000000,
64000,鴨,111,33.000000000000,
64000,鴨,110,33.000000000000,
64000,鴨,109,38.000000000000,
64000,鴨,108,45.000000000000,
64000,鴨,107,49.000000000000,
64000,鴨,106,51.000000000000,
64000,鴨,105,63.000000000000,
64000,鴨,104,69.000000000000,
64000,鴨,103,78.000000000000,
64000,鴨,102,71.000000000000,
64000,鴨,101,75.000000000000,
64000,鴨,100,87.000000000000,
64000,雞,113,361.000000000000,
64000,雞,112,353.000000000000,
64000,雞,111,351.000000000000,
64000,雞,110,341.000000000000,
64000,雞,109,345.000000000000,
64000,雞,108,360.000000000000,
64000,雞,107,362.000000000000,
64000,雞,106,358.000000000000,
64000,雞,105,350.000000000000,
64000,雞,104,345.000000000000,
64000,雞,103,347.000000000000,
64000,雞,102,358.000000000000,
64000,雞,101,375.000000000000,
64000,雞,100,396.000000000000,
63000,有色肉雞,113,11.000000000000,
63000,有色肉雞,112,11.000000000000,
63000,有色肉雞,111,7.000000000000,
63000,有色肉雞,110,8.000000000000,
63000,有色肉雞,109,10.000000000000,
63000,有色肉雞,108,10.000000000000,
63000,有色肉雞,107,11.000000000000,
63000,有色肉雞,106,11.000000000000,
63000,有色肉雞,105,10.000000000000,
63000,有色肉雞,104,12.000000000000,
63000,有色肉雞,103,7.000000000000,
63000,有色肉雞,102,12.000000000000,
63000,有色肉雞,101,12.000000000000,
63000,有色肉雞,100,17.000000000000,
63000,白肉雞,113,0.000000000000,
63000,白肉雞,112,0.000000000000,
63000,白肉雞,111,0.000000000000,
63000,白肉雞,110,0.000000000000,
63000,白肉雞,109,0.000000000000,
63000,白肉雞,108,1.000000000000,
63000,白肉雞,107,0.000000000000,
63000,白肉雞,106,0.000000000000,
63000,白肉雞,105,0.000000000000,
63000,白肉雞,104,0.000000000000,
63000,白肉雞,103,0.000000000000,
63000,白肉雞,102,0.000000000000,
63000,白肉雞,101,0.000000000000,
63000,白肉雞,100,1.000000000000,
63000,蛋雞,113,2.000000000000,
63000,蛋雞,112,1.000000000000,
63000,蛋雞,111,3.000000000000,
63000,蛋雞,110,3.000000000000,
63000,蛋雞,109,2.000000000000,
63000,蛋雞,108,2.000000000000,
63000,蛋雞,107,2.000000000000,
63000,蛋雞,106,0.000000000000,
63000,蛋雞,105,0.000000000000,
63000,蛋雞,104,1.000000000000,
63000,蛋雞,102,0.000000000000,
63000,蛋雞,101,0.000000000000,
63000,鵝,113,2.000000000000,
63000,鵝,112,2.000000000000,
63000,鵝,111,1.000000000000,
63000,鵝,110,1.000000000000,
63000,鵝,109,2.000000000000,
63000,鵝,108,1.000000000000,
63000,鵝,107,1.000000000000,
63000,鵝,106,1.000000000000,
63000,鵝,105,1.000000000000,
63000,鵝,103,0.000000000000,
63000,鵝,102,0.000000000000,
63000,鵝,101,1.000000000000,
63000,鴨,113,2.000000000000,
63000,鴨,112,2.000000000000,
63000,鴨,111,2.000000000000,
63000,鴨,110,3.000000000000,
63000,鴨,109,4.000000000000,
63000,鴨,108,4.000000000000,
63000,鴨,107,4.000000000000,
63000,鴨,106,3.000000000000,
63000,鴨,105,2.000000000000,
63000,鴨,104,1.000000000000,
63000,鴨,103,1.000000000000,
63000,鴨,102,2.000000000000,
63000,鴨,101,2.000000000000,
63000,鴨,100,1.000000000000,
63000,雞,113,11.000000000000,
63000,雞,112,10.000000000000,
63000,雞,111,10.000000000000,
63000,雞,110,11.000000000000,
63000,雞,109,12.000000000000,
63000,雞,108,13.000000000000,
63000,雞,107,12.000000000000,
63000,雞,106,11.000000000000,
63000,雞,105,10.000000000000,
63000,雞,104,12.000000000000,
63000,雞,103,6.000000000000,
63000,雞,102,10.000000000000,
63000,雞,101,9.000000000000,
63000,雞,100,10.000000000000,
10020,有色肉雞,113,1.000000000000,
10020,有色肉雞,112,1.000000000000,
10020,有色肉雞,111,1.000000000000,
10020,有色肉雞,110,1.000000000000,
10020,有色肉雞,109,1.000000000000,
10020,有色肉雞,108,2.000000000000,
10020,有色肉雞,107,1.000000000000,
10020,有色肉雞,106,1.000000000000,
10020,有色肉雞,105,1.000000000000,
10020,有色肉雞,104,1.000000000000,
10020,有色肉雞,103,2.000000000000,
10020,有色肉雞,102,2.000000000000,
10020,有色肉雞,101,5.000000000000,
10020,有色肉雞,100,4.000000000000,
10020,白肉雞,113,0.000000000000,
10020,白肉雞,112,1.000000000000,
10020,白肉雞,111,1.000000000000,
10020,白肉雞,110,1.000000000000,
10020,白肉雞,109,1.000000000000,
10020,白肉雞,108,0.000000000000,
10020,白肉雞,107,1.000000000000,
10020,白肉雞,106,0.000000000000,
10020,白肉雞,105,0.000000000000,
10020,白肉雞,104,1.000000000000,
10020,白肉雞,103,0.000000000000,
10020,白肉雞,102,0.000000000000,
10020,白肉雞,101,1.000000000000,
10020,白肉雞,100,0.000000000000,
10020,蛋雞,113,3.000000000000,
10020,蛋雞,112,2.000000000000,
10020,蛋雞,111,3.000000000000,
10020,蛋雞,110,3.000000000000,
10020,蛋雞,109,3.000000000000,
10020,蛋雞,108,3.000000000000,
10020,蛋雞,107,3.000000000000,
10020,蛋雞,106,2.000000000000,
10020,蛋雞,105,3.000000000000,
10020,蛋雞,104,2.000000000000,
10020,蛋雞,103,1.000000000000,
10020,蛋雞,102,1.000000000000,
10020,蛋雞,101,2.000000000000,
10020,蛋雞,100,2.000000000000,
10020,火雞,109,0.000000000000,
10020,火雞,108,1.000000000000,
10020,雞,113,3.000000000000,
10020,雞,112,2.000000000000,
10020,雞,111,3.000000000000,
10020,雞,110,3.000000000000,
10020,雞,109,3.000000000000,
10020,雞,108,3.000000000000,
10020,雞,107,3.000000000000,
10020,雞,106,3.000000000000,
10020,雞,105,3.000000000000,
10020,雞,104,4.000000000000,
10020,雞,103,3.000000000000,
10020,雞,102,3.000000000000,
10020,雞,101,6.000000000000,
10020,雞,100,6.000000000000,
10018,有色肉雞,113,14.000000000000,
10018,有色肉雞,112,18.000000000000,
10018,有色肉雞,111,18.000000000000,
10018,有色肉雞,110,17.000000000000,
10018,有色肉雞,109,16.000000000000,
10018,有色肉雞,108,21.000000000000,
10018,有色肉雞,107,22.000000000000,
10018,有色肉雞,106,18.000000000000,
10018,有色肉雞,105,22.000000000000,
10018,有色肉雞,104,23.000000000000,
10018,有色肉雞,103,25.000000000000,
10018,有色肉雞,102,22.000000000000,
10018,有色肉雞,101,23.000000000000,
10018,有色肉雞,100,28.000000000000,
10018,白肉雞,113,1.000000000000,
10018,白肉雞,112,0.000000000000,
10018,白肉雞,111,0.000000000000,
10018,白肉雞,110,0.000000000000,
10018,白肉雞,109,1.000000000000,
10018,白肉雞,108,2.000000000000,
10018,白肉雞,107,0.000000000000,
10018,白肉雞,106,0.000000000000,
10018,白肉雞,105,1.000000000000,
10018,白肉雞,104,1.000000000000,
10018,白肉雞,103,2.000000000000,
10018,白肉雞,102,1.000000000000,
10018,白肉雞,101,1.000000000000,
10018,白肉雞,100,1.000000000000,
10018,蛋雞,113,6.000000000000,
10018,蛋雞,112,6.000000000000,
10018,蛋雞,111,7.000000000000,
10018,蛋雞,110,3.000000000000,
10018,蛋雞,109,2.000000000000,
10018,蛋雞,108,2.000000000000,
10018,蛋雞,107,0.000000000000,
10018,蛋雞,106,0.000000000000,
10018,蛋雞,105,0.000000000000,
10018,蛋雞,104,1.000000000000,
10018,蛋雞,103,1.000000000000,
10018,蛋雞,102,0.000000000000,
10018,蛋雞,101,0.000000000000,
10018,蛋雞,100,0.000000000000,
10018,火雞,113,0.000000000000,
10018,火雞,112,0.000000000000,
10018,火雞,111,1.000000000000,
10018,火雞,110,1.000000000000,
10018,火雞,109,1.000000000000,
10018,火雞,108,1.000000000000,
10018,火雞,107,1.000000000000,
10018,火雞,106,2.000000000000,
10018,火雞,105,2.000000000000,
10018,火雞,104,2.000000000000,
10018,火雞,103,1.000000000000,
10018,火雞,102,1.000000000000,
10018,火雞,101,1.000000000000,
10018,火雞,100,2.000000000000,
10018,鵝,113,1.000000000000,
10018,鵝,112,1.000000000000,
10018,鵝,111,3.000000000000,
10018,鵝,110,2.000000000000,
10018,鵝,109,1.000000000000,
10018,鵝,108,3.000000000000,
10018,鵝,107,0.000000000000,
10018,鵝,106,1.000000000000,
10018,鵝,105,1.000000000000,
10018,鵝,104,1.000000000000,
10018,鵝,103,0.000000000000,
10018,鵝,102,0.000000000000,
10018,鵝,101,0.000000000000,
10018,鵝,100,1.000000000000,
10018,鴨,113,1.000000000000,
10018,鴨,112,1.000000000000,
10018,鴨,111,2.000000000000,
10018,鴨,110,3.000000000000,
10018,鴨,109,3.000000000000,
10018,鴨,108,4.000000000000,
10018,鴨,107,2.000000000000,
10018,鴨,106,2.000000000000,
10018,鴨,105,2.000000000000,
10018,鴨,104,2.000000000000,
10018,鴨,103,4.000000000000,
10018,鴨,102,4.000000000000,
10018,鴨,101,4.000000000000,
10018,鴨,100,4.000000000000,
10018,雞,113,14.000000000000,
10018,雞,112,15.000000000000,
10018,雞,111,15.000000000000,
10018,雞,110,13.000000000000,
10018,雞,109,12.000000000000,
10018,雞,108,14.000000000000,
10018,雞,107,13.000000000000,
10018,雞,106,13.000000000000,
10018,雞,105,15.000000000000,
10018,雞,104,14.000000000000,
10018,雞,103,16.000000000000,
10018,雞,102,15.000000000000,
10018,雞,101,17.000000000000,
10018,雞,100,22.000000000000,
10017,有色肉雞,113,6.000000000000,
10017,有色肉雞,112,7.000000000000,
10017,有色肉雞,111,10.000000000000,
10017,有色肉雞,110,7.000000000000,
10017,有色肉雞,109,11.000000000000,
10017,有色肉雞,108,9.000000000000,
10017,有色肉雞,107,14.000000000000,
10017,有色肉雞,106,15.000000000000,
10017,有色肉雞,105,4.000000000000,
10017,有色肉雞,104,6.000000000000,
10017,有色肉雞,103,7.000000000000,
10017,有色肉雞,102,6.000000000000,
10017,有色肉雞,101,8.000000000000,
10017,有色肉雞,100,9.000000000000,
10017,白肉雞,113,0.000000000000,
10017,白肉雞,112,0.000000000000,
10017,白肉雞,111,0.000000000000,
10017,白肉雞,110,0.000000000000,
10017,白肉雞,109,0.000000000000,
10017,白肉雞,108,0.000000000000,
10017,白肉雞,107,1.000000000000,
10017,白肉雞,106,1.000000000000,
10017,白肉雞,105,0.000000000000,
10017,白肉雞,104,0.000000000000,
10017,白肉雞,103,0.000000000000,
10017,白肉雞,102,0.000000000000,
10017,白肉雞,101,0.000000000000,
10017,白肉雞,100,1.000000000000,
10017,蛋雞,113,5.000000000000,
10017,蛋雞,112,3.000000000000,
10017,蛋雞,111,2.000000000000,
10017,蛋雞,110,1.000000000000,
10017,蛋雞,109,2.000000000000,
10017,蛋雞,108,2.000000000000,
10017,蛋雞,107,2.000000000000,
10017,蛋雞,106,0.000000000000,
10017,鵝,113,2.000000000000,
10017,鵝,112,2.000000000000,
10017,鵝,111,1.000000000000,
10017,鵝,110,3.000000000000,
10017,鵝,109,2.000000000000,
10017,鵝,108,2.000000000000,
10017,鵝,107,2.000000000000,
10017,鵝,106,2.000000000000,
10017,鵝,105,0.000000000000,
10017,鴨,113,2.000000000000,
10017,鴨,112,3.000000000000,
10017,鴨,111,3.000000000000,
10017,鴨,110,4.000000000000,
10017,鴨,109,4.000000000000,
10017,鴨,108,5.000000000000,
10017,鴨,107,3.000000000000,
10017,鴨,106,3.000000000000,
10017,鴨,105,0.000000000000,
10017,鴨,104,0.000000000000,
10017,鴨,103,0.000000000000,
10017,鴨,102,0.000000000000,
10017,鴨,101,0.000000000000,
10017,鴨,100,0.000000000000,
10017,雞,113,8.000000000000,
10017,雞,112,8.000000000000,
10017,雞,111,9.000000000000,
10017,雞,110,7.000000000000,
10017,雞,109,8.000000000000,
10017,雞,108,7.000000000000,
10017,雞,107,8.000000000000,
10017,雞,106,11.000000000000,
10017,雞,105,2.000000000000,
10017,雞,104,5.000000000000,
10017,雞,103,5.000000000000,
10017,雞,102,5.000000000000,
10017,雞,101,8.000000000000,
10017,雞,100,9.000000000000,
10016,有色肉雞,113,12.000000000000,
10016,有色肉雞,112,13.000000000000,
10016,有色肉雞,111,14.000000000000,
10016,有色肉雞,110,23.000000000000,
10016,有色肉雞,109,23.000000000000,
10016,有色肉雞,108,19.000000000000,
10016,有色肉雞,107,19.000000000000,
10016,有色肉雞,106,17.000000000000,
10016,有色肉雞,105,20.000000000000,
10016,有色肉雞,104,19.000000000000,
10016,有色肉雞,103,17.000000000000,
10016,有色肉雞,102,14.000000000000,
10016,有色肉雞,101,25.000000000000,
10016,有色肉雞,100,23.000000000000,
10016,白肉雞,113,5.000000000000,
10016,白肉雞,112,5.000000000000,
10016,白肉雞,111,5.000000000000,
10016,白肉雞,110,6.000000000000,
10016,白肉雞,109,7.000000000000,
10016,白肉雞,108,6.000000000000,
10016,白肉雞,107,6.000000000000,
10016,白肉雞,106,6.000000000000,
10016,白肉雞,105,6.000000000000,
10016,白肉雞,104,6.000000000000,
10016,白肉雞,103,5.000000000000,
10016,白肉雞,102,5.000000000000,
10016,白肉雞,101,5.000000000000,
10016,白肉雞,100,4.000000000000,
10016,蛋雞,113,6.000000000000,
10016,蛋雞,112,6.000000000000,
10016,蛋雞,111,4.000000000000,
10016,蛋雞,110,5.000000000000,
10016,蛋雞,109,3.000000000000,
10016,蛋雞,108,2.000000000000,
10016,蛋雞,107,2.000000000000,
10016,蛋雞,106,1.000000000000,
10016,蛋雞,105,1.000000000000,
10016,蛋雞,104,1.000000000000,
10016,蛋雞,103,1.000000000000,
10016,蛋雞,102,1.000000000000,
10016,蛋雞,101,1.000000000000,
10016,蛋雞,100,1.000000000000,
10016,火雞,106,0.000000000000,
10016,火雞,105,0.000000000000,
10016,火雞,104,0.000000000000,
10016,火雞,103,1.000000000000,
10016,火雞,102,1.000000000000,
10016,火雞,101,2.000000000000,
10016,火雞,100,1.000000000000,
10016,鵝,113,0.000000000000,
10016,鵝,112,0.000000000000,
10016,鵝,111,0.000000000000,
10016,鵝,110,3.000000000000,
10016,鵝,109,3.000000000000,
10016,鵝,108,2.000000000000,
10016,鵝,107,3.000000000000,
10016,鵝,106,2.000000000000,
10016,鵝,105,3.000000000000,
10016,鵝,104,3.000000000000,
10016,鵝,103,3.000000000000,
10016,鵝,102,3.000000000000,
10016,鵝,101,4.000000000000,
10016,鵝,100,4.000000000000,
10016,鴨,113,0.000000000000,
10016,鴨,112,2.000000000000,
10016,鴨,111,3.000000000000,
10016,鴨,110,6.000000000000,
10016,鴨,109,5.000000000000,
10016,鴨,108,5.000000000000,
10016,鴨,107,5.000000000000,
10016,鴨,106,3.000000000000,
10016,鴨,105,7.000000000000,
10016,鴨,104,8.000000000000,
10016,鴨,103,8.000000000000,
10016,鴨,102,7.000000000000,
10016,鴨,101,9.000000000000,
10016,鴨,100,9.000000000000,
10016,雞,113,17.000000000000,
10016,雞,112,17.000000000000,
10016,雞,111,16.000000000000,
10016,雞,110,24.000000000000,
10016,雞,109,25.000000000000,
10016,雞,108,23.000000000000,
10016,雞,107,24.000000000000,
10016,雞,106,21.000000000000,
10016,雞,105,24.000000000000,
10016,雞,104,23.000000000000,
10016,雞,103,21.000000000000,
10016,雞,102,18.000000000000,
10016,雞,101,24.000000000000,
10016,雞,100,22.000000000000,
10015,有色肉雞,113,73.000000000000,
10015,有色肉雞,112,77.000000000000,
10015,有色肉雞,111,84.000000000000,
10015,有色肉雞,110,87.000000000000,
10015,有色肉雞,109,90.000000000000,
10015,有色肉雞,108,83.000000000000,
10015,有色肉雞,107,81.000000000000,
10015,有色肉雞,106,92.000000000000,
10015,有色肉雞,105,80.000000000000,
10015,有色肉雞,104,87.000000000000,
10015,有色肉雞,103,75.000000000000,
10015,有色肉雞,102,74.000000000000,
10015,有色肉雞,101,96.000000000000,
10015,有色肉雞,100,97.000000000000,
10015,白肉雞,113,2.000000000000,
10015,白肉雞,112,1.000000000000,
10015,白肉雞,111,1.000000000000,
10015,白肉雞,110,2.000000000000,
10015,白肉雞,109,3.000000000000,
10015,白肉雞,108,2.000000000000,
10015,白肉雞,107,0.000000000000,
10015,白肉雞,106,0.000000000000,
10015,白肉雞,105,0.000000000000,
10015,白肉雞,104,2.000000000000,
10015,白肉雞,103,0.000000000000,
10015,白肉雞,102,0.000000000000,
10015,白肉雞,101,0.000000000000,
10015,白肉雞,100,0.000000000000,
10015,蛋雞,113,45.000000000000,
10015,蛋雞,112,41.000000000000,
10015,蛋雞,111,36.000000000000,
10015,蛋雞,110,30.000000000000,
10015,蛋雞,109,28.000000000000,
10015,蛋雞,108,19.000000000000,
10015,蛋雞,107,13.000000000000,
10015,蛋雞,106,13.000000000000,
10015,蛋雞,105,8.000000000000,
10015,蛋雞,104,8.000000000000,
10015,蛋雞,103,5.000000000000,
10015,蛋雞,102,5.000000000000,
10015,蛋雞,101,6.000000000000,
10015,蛋雞,100,7.000000000000,
10015,火雞,113,2.000000000000,
10015,火雞,112,2.000000000000,
10015,火雞,111,2.000000000000,
10015,火雞,110,2.000000000000,
10015,火雞,109,3.000000000000,
10015,火雞,108,4.000000000000,
10015,火雞,107,2.000000000000,
10015,火雞,106,2.000000000000,
10015,火雞,105,4.000000000000,
10015,火雞,104,3.000000000000,
10015,火雞,103,3.000000000000,
10015,火雞,102,3.000000000000,
10015,火雞,101,2.000000000000,
10015,火雞,100,4.000000000000,
10015,鵝,113,13.000000000000,
10015,鵝,112,11.000000000000,
10015,鵝,111,6.000000000000,
10015,鵝,110,6.000000000000,
10015,鵝,109,8.000000000000,
10015,鵝,108,9.000000000000,
10015,鵝,107,6.000000000000,
10015,鵝,106,6.000000000000,
10015,鵝,105,9.000000000000,
10015,鵝,104,9.000000000000,
10015,鵝,103,7.000000000000,
10015,鵝,102,6.000000000000,
10015,鵝,101,5.000000000000,
10015,鵝,100,7.000000000000,
10015,鴨,113,29.000000000000,
10015,鴨,112,30.000000000000,
10015,鴨,111,30.000000000000,
10015,鴨,110,30.000000000000,
10015,鴨,109,29.000000000000,
10015,鴨,108,30.000000000000,
10015,鴨,107,34.000000000000,
10015,鴨,106,39.000000000000,
10015,鴨,105,50.000000000000,
10015,鴨,104,45.000000000000,
10015,鴨,103,46.000000000000,
10015,鴨,102,43.000000000000,
10015,鴨,101,37.000000000000,
10015,鴨,100,41.000000000000,
10015,雞,113,80.000000000000,
10015,雞,112,77.000000000000,
10015,雞,111,78.000000000000,
10015,雞,110,70.000000000000,
10015,雞,109,76.000000000000,
10015,雞,108,72.000000000000,
10015,雞,107,66.000000000000,
10015,雞,106,73.000000000000,
10015,雞,105,61.000000000000,
10015,雞,104,67.000000000000,
10015,雞,103,55.000000000000,
10015,雞,102,53.000000000000,
10015,雞,101,67.000000000000,
10015,雞,100,83.000000000000,
10014,有色肉雞,113,124.000000000000,
10014,有色肉雞,112,117.000000000000,
10014,有色肉雞,111,147.000000000000,
10014,有色肉雞,110,144.000000000000,
10014,有色肉雞,109,153.000000000000,
10014,有色肉雞,108,191.000000000000,
10014,有色肉雞,107,271.000000000000,
10014,有色肉雞,106,175.000000000000,
10014,有色肉雞,105,157.000000000000,
10014,有色肉雞,104,155.000000000000,
10014,有色肉雞,103,173.000000000000,
10014,有色肉雞,102,142.000000000000,
10014,有色肉雞,101,129.000000000000,
10014,有色肉雞,100,139.000000000000,
10014,白肉雞,113,6.000000000000,
10014,白肉雞,112,5.000000000000,
10014,白肉雞,111,3.000000000000,
10014,白肉雞,110,3.000000000000,
10014,白肉雞,109,6.000000000000,
10014,白肉雞,108,25.000000000000,
10014,白肉雞,107,33.000000000000,
10014,白肉雞,106,4.000000000000,
10014,白肉雞,105,10.000000000000,
10014,白肉雞,104,5.000000000000,
10014,白肉雞,103,4.000000000000,
10014,白肉雞,102,6.000000000000,
10014,白肉雞,101,3.000000000000,
10014,白肉雞,100,5.000000000000,
10014,蛋雞,113,27.000000000000,
10014,蛋雞,112,21.000000000000,
10014,蛋雞,111,17.000000000000,
10014,蛋雞,110,17.000000000000,
10014,蛋雞,109,13.000000000000,
10014,蛋雞,108,12.000000000000,
10014,蛋雞,107,11.000000000000,
10014,蛋雞,106,12.000000000000,
10014,蛋雞,105,11.000000000000,
10014,蛋雞,104,10.000000000000,
10014,蛋雞,103,7.000000000000,
10014,蛋雞,102,5.000000000000,
10014,蛋雞,101,5.000000000000,
10014,蛋雞,100,4.000000000000,
10014,火雞,113,2.000000000000,
10014,火雞,112,2.000000000000,
10014,火雞,111,6.000000000000,
10014,火雞,110,7.000000000000,
10014,火雞,109,2.000000000000,
10014,火雞,108,5.000000000000,
10014,火雞,107,10.000000000000,
10014,火雞,106,3.000000000000,
10014,火雞,105,1.000000000000,
10014,火雞,104,1.000000000000,
10014,火雞,103,4.000000000000,
10014,火雞,102,2.000000000000,
10014,火雞,101,2.000000000000,
10014,火雞,100,2.000000000000,
10014,鵝,113,15.000000000000,
10014,鵝,112,15.000000000000,
10014,鵝,111,17.000000000000,
10014,鵝,110,19.000000000000,
10014,鵝,109,12.000000000000,
10014,鵝,108,26.000000000000,
10014,鵝,107,31.000000000000,
10014,鵝,106,14.000000000000,
10014,鵝,105,12.000000000000,
10014,鵝,104,8.000000000000,
10014,鵝,103,11.000000000000,
10014,鵝,102,5.000000000000,
10014,鵝,101,1.000000000000,
10014,鵝,100,3.000000000000,
10014,鴨,113,9.000000000000,
10014,鴨,112,10.000000000000,
10014,鴨,111,11.000000000000,
10014,鴨,110,13.000000000000,
10014,鴨,109,10.000000000000,
10014,鴨,108,24.000000000000,
10014,鴨,107,39.000000000000,
10014,鴨,106,15.000000000000,
10014,鴨,105,11.000000000000,
10014,鴨,104,8.000000000000,
10014,鴨,103,13.000000000000,
10014,鴨,102,8.000000000000,
10014,鴨,101,5.000000000000,
10014,鴨,100,3.000000000000,
10014,雞,113,133.000000000000,
10014,雞,112,126.000000000000,
10014,雞,111,136.000000000000,
10014,雞,110,136.000000000000,
10014,雞,109,139.000000000000,
10014,雞,108,174.000000000000,
10014,雞,107,225.000000000000,
10014,雞,106,157.000000000000,
10014,雞,105,149.000000000000,
10014,雞,104,133.000000000000,
10014,雞,103,149.000000000000,
10014,雞,102,119.000000000000,
10014,雞,101,105.000000000000,
10014,雞,100,114.000000000000,
10013,有色肉雞,113,466.000000000000,
10013,有色肉雞,112,464.000000000000,
10013,有色肉雞,111,468.000000000000,
10013,有色肉雞,110,491.000000000000,
10013,有色肉雞,109,486.000000000000,
10013,有色肉雞,108,474.000000000000,
10013,有色肉雞,107,484.000000000000,
10013,有色肉雞,106,460.000000000000,
10013,有色肉雞,105,489.000000000000,
10013,有色肉雞,104,466.000000000000,
10013,有色肉雞,103,453.000000000000,
10013,有色肉雞,102,471.000000000000,
10013,有色肉雞,101,472.000000000000,
10013,有色肉雞,100,509.000000000000,
10013,白肉雞,113,103.000000000000,
10013,白肉雞,112,103.000000000000,
10013,白肉雞,111,102.000000000000,
10013,白肉雞,110,103.000000000000,
10013,白肉雞,109,104.000000000000,
10013,白肉雞,108,108.000000000000,
10013,白肉雞,107,108.000000000000,
10013,白肉雞,106,106.000000000000,
10013,白肉雞,105,106.000000000000,
10013,白肉雞,104,96.000000000000,
10013,白肉雞,103,83.000000000000,
10013,白肉雞,102,81.000000000000,
10013,白肉雞,101,85.000000000000,
10013,白肉雞,100,76.000000000000,
10013,蛋雞,113,321.000000000000,
10013,蛋雞,112,329.000000000000,
10013,蛋雞,111,309.000000000000,
10013,蛋雞,110,311.000000000000,
10013,蛋雞,109,302.000000000000,
10013,蛋雞,108,312.000000000000,
10013,蛋雞,107,297.000000000000,
10013,蛋雞,106,297.000000000000,
10013,蛋雞,105,308.000000000000,
10013,蛋雞,104,300.000000000000,
10013,蛋雞,103,300.000000000000,
10013,蛋雞,102,297.000000000000,
10013,蛋雞,101,295.000000000000,
10013,蛋雞,100,285.000000000000,
10013,火雞,113,1.000000000000,
10013,火雞,112,1.000000000000,
10013,火雞,111,1.000000000000,
10013,火雞,110,1.000000000000,
10013,火雞,109,1.000000000000,
10013,火雞,108,0.000000000000,
10013,火雞,107,0.000000000000,
10013,火雞,106,0.000000000000,
10013,火雞,105,0.000000000000,
10013,火雞,104,1.000000000000,
10013,火雞,103,1.000000000000,
10013,火雞,102,1.000000000000,
10013,火雞,101,2.000000000000,
10013,火雞,100,1.000000000000,
10013,鵝,113,65.000000000000,
10013,鵝,112,64.000000000000,
10013,鵝,111,58.000000000000,
10013,鵝,110,66.000000000000,
10013,鵝,109,67.000000000000,
10013,鵝,108,62.000000000000,
10013,鵝,107,58.000000000000,
10013,鵝,106,65.000000000000,
10013,鵝,105,42.000000000000,
10013,鵝,104,35.000000000000,
10013,鵝,103,140.000000000000,
10013,鵝,102,141.000000000000,
10013,鵝,101,128.000000000000,
10013,鵝,100,123.000000000000,
10013,鴨,113,473.000000000000,
10013,鴨,112,469.000000000000,
10013,鴨,111,480.000000000000,
10013,鴨,110,494.000000000000,
10013,鴨,109,525.000000000000,
10013,鴨,108,549.000000000000,
10013,鴨,107,551.000000000000,
10013,鴨,106,547.000000000000,
10013,鴨,105,560.000000000000,
10013,鴨,104,585.000000000000,
10013,鴨,103,587.000000000000,
10013,鴨,102,560.000000000000,
10013,鴨,101,575.000000000000,
10013,鴨,100,604.000000000000,
10013,雞,113,822.000000000000,
10013,雞,112,833.000000000000,
10013,雞,111,826.000000000000,
10013,雞,110,849.000000000000,
10013,雞,109,840.000000000000,
10013,雞,108,835.000000000000,
10013,雞,107,836.000000000000,
10013,雞,106,808.000000000000,
10013,雞,105,838.000000000000,
10013,雞,104,807.000000000000,
10013,雞,103,785.000000000000,
10013,雞,102,799.000000000000,
10013,雞,101,799.000000000000,
10013,雞,100,807.000000000000,
10010,有色肉雞,113,354.000000000000,
10010,有色肉雞,112,340.000000000000,
10010,有色肉雞,111,347.000000000000,
10010,有色肉雞,110,355.000000000000,
10010,有色肉雞,109,337.000000000000,
10010,有色肉雞,108,327.000000000000,
10010,有色肉雞,107,337.000000000000,
10010,有色肉雞,106,307.000000000000,
10010,有色肉雞,105,302.000000000000,
10010,有色肉雞,104,283.000000000000,
10010,有色肉雞,103,263.000000000000,
10010,有色肉雞,102,260.000000000000,
10010,有色肉雞,101,277.000000000000,
10010,有色肉雞,100,307.000000000000,
10010,白肉雞,113,124.000000000000,
10010,白肉雞,112,116.000000000000,
10010,白肉雞,111,114.000000000000,
10010,白肉雞,110,112.000000000000,
10010,白肉雞,109,102.000000000000,
10010,白肉雞,108,100.000000000000,
10010,白肉雞,107,101.000000000000,
10010,白肉雞,106,91.000000000000,
10010,白肉雞,105,89.000000000000,
10010,白肉雞,104,90.000000000000,
10010,白肉雞,103,89.000000000000,
10010,白肉雞,102,79.000000000000,
10010,白肉雞,101,83.000000000000,
10010,白肉雞,100,93.000000000000,
10010,蛋雞,113,195.000000000000,
10010,蛋雞,112,195.000000000000,
10010,蛋雞,111,187.000000000000,
10010,蛋雞,110,188.000000000000,
10010,蛋雞,109,178.000000000000,
10010,蛋雞,108,176.000000000000,
10010,蛋雞,107,171.000000000000,
10010,蛋雞,106,161.000000000000,
10010,蛋雞,105,154.000000000000,
10010,蛋雞,104,153.000000000000,
10010,蛋雞,103,148.000000000000,
10010,蛋雞,102,144.000000000000,
10010,蛋雞,101,138.000000000000,
10010,蛋雞,100,136.000000000000,
10010,火雞,113,20.000000000000,
10010,火雞,112,20.000000000000,
10010,火雞,111,14.000000000000,
10010,火雞,110,24.000000000000,
10010,火雞,109,24.000000000000,
10010,火雞,108,21.000000000000,
10010,火雞,107,19.000000000000,
10010,火雞,106,17.000000000000,
10010,火雞,105,15.000000000000,
10010,火雞,104,16.000000000000,
10010,火雞,103,15.000000000000,
10010,火雞,102,14.000000000000,
10010,火雞,101,14.000000000000,
10010,火雞,100,11.000000000000,
10010,鵝,113,116.000000000000,
10010,鵝,112,113.000000000000,
10010,鵝,111,127.000000000000,
10010,鵝,110,136.000000000000,
10010,鵝,109,135.000000000000,
10010,鵝,108,136.000000000000,
10010,鵝,107,137.000000000000,
10010,鵝,106,127.000000000000,
10010,鵝,105,102.000000000000,
10010,鵝,104,78.000000000000,
10010,鵝,103,112.000000000000,
10010,鵝,102,108.000000000000,
10010,鵝,101,90.000000000000,
10010,鵝,100,90.000000000000,
10010,鴨,113,145.000000000000,
10010,鴨,112,146.000000000000,
10010,鴨,111,136.000000000000,
10010,鴨,110,133.000000000000,
10010,鴨,109,124.000000000000,
10010,鴨,108,131.000000000000,
10010,鴨,107,131.000000000000,
10010,鴨,106,143.000000000000,
10010,鴨,105,167.000000000000,
10010,鴨,104,153.000000000000,
10010,鴨,103,144.000000000000,
10010,鴨,102,139.000000000000,
10010,鴨,101,137.000000000000,
10010,鴨,100,151.000000000000,
10010,雞,113,723.000000000000,
10010,雞,112,713.000000000000,
10010,雞,111,710.000000000000,
10010,雞,110,709.000000000000,
10010,雞,109,679.000000000000,
10010,雞,108,664.000000000000,
10010,雞,107,651.000000000000,
10010,雞,106,622.000000000000,
10010,雞,105,599.000000000000,
10010,雞,104,572.000000000000,
10010,雞,103,555.000000000000,
10010,雞,102,534.000000000000,
10010,雞,101,546.000000000000,
10010,雞,100,564.000000000000,
10009,有色肉雞,113,639.000000000000,
10009,有色肉雞,112,638.000000000000,
10009,有色肉雞,111,635.000000000000,
10009,有色肉雞,110,645.000000000000,
10009,有色肉雞,109,630.000000000000,
10009,有色肉雞,108,609.000000000000,
10009,有色肉雞,107,618.000000000000,
10009,有色肉雞,106,609.000000000000,
10009,有色肉雞,105,572.000000000000,
10009,有色肉雞,104,569.000000000000,
10009,有色肉雞,103,547.000000000000,
10009,有色肉雞,102,542.000000000000,
10009,有色肉雞,101,580.000000000000,
10009,有色肉雞,100,622.000000000000,
10009,白肉雞,113,147.000000000000,
10009,白肉雞,112,133.000000000000,
10009,白肉雞,111,126.000000000000,
10009,白肉雞,110,117.000000000000,
10009,白肉雞,109,115.000000000000,
10009,白肉雞,108,101.000000000000,
10009,白肉雞,107,102.000000000000,
10009,白肉雞,106,94.000000000000,
10009,白肉雞,105,82.000000000000,
10009,白肉雞,104,74.000000000000,
10009,白肉雞,103,85.000000000000,
10009,白肉雞,102,69.000000000000,
10009,白肉雞,101,77.000000000000,
10009,白肉雞,100,81.000000000000,
10009,蛋雞,113,60.000000000000,
10009,蛋雞,112,58.000000000000,
10009,蛋雞,111,53.000000000000,
10009,蛋雞,110,55.000000000000,
10009,蛋雞,109,51.000000000000,
10009,蛋雞,108,44.000000000000,
10009,蛋雞,107,39.000000000000,
10009,蛋雞,106,38.000000000000,
10009,蛋雞,105,37.000000000000,
10009,蛋雞,104,35.000000000000,
10009,蛋雞,103,37.000000000000,
10009,蛋雞,102,33.000000000000,
10009,蛋雞,101,34.000000000000,
10009,蛋雞,100,34.000000000000,
10009,火雞,113,23.000000000000,
10009,火雞,112,16.000000000000,
10009,火雞,111,14.000000000000,
10009,火雞,110,17.000000000000,
10009,火雞,109,18.000000000000,
10009,火雞,108,21.000000000000,
10009,火雞,107,19.000000000000,
10009,火雞,106,23.000000000000,
10009,火雞,105,26.000000000000,
10009,火雞,104,23.000000000000,
10009,火雞,103,24.000000000000,
10009,火雞,102,22.000000000000,
10009,火雞,101,21.000000000000,
10009,火雞,100,19.000000000000,
10009,鵝,113,281.000000000000,
10009,鵝,112,241.000000000000,
10009,鵝,111,266.000000000000,
10009,鵝,110,281.000000000000,
10009,鵝,109,305.000000000000,
10009,鵝,108,260.000000000000,
10009,鵝,107,232.000000000000,
10009,鵝,106,240.000000000000,
10009,鵝,105,133.000000000000,
10009,鵝,104,90.000000000000,
10009,鵝,103,446.000000000000,
10009,鵝,102,393.000000000000,
10009,鵝,101,364.000000000000,
10009,鵝,100,358.000000000000,
10009,鴨,113,688.000000000000,
10009,鴨,112,662.000000000000,
10009,鴨,111,683.000000000000,
10009,鴨,110,647.000000000000,
10009,鴨,109,629.000000000000,
10009,鴨,108,657.000000000000,
10009,鴨,107,747.000000000000,
10009,鴨,106,672.000000000000,
10009,鴨,105,602.000000000000,
10009,鴨,104,480.000000000000,
10009,鴨,103,429.000000000000,
10009,鴨,102,401.000000000000,
10009,鴨,101,419.000000000000,
10009,鴨,100,404.000000000000,
10009,雞,113,863.000000000000,
10009,雞,112,854.000000000000,
10009,雞,111,850.000000000000,
10009,雞,110,855.000000000000,
10009,雞,109,844.000000000000,
10009,雞,108,810.000000000000,
10009,雞,107,803.000000000000,
10009,雞,106,776.000000000000,
10009,雞,105,725.000000000000,
10009,雞,104,716.000000000000,
10009,雞,103,701.000000000000,
10009,雞,102,673.000000000000,
10009,雞,101,703.000000000000,
10009,雞,100,736.000000000000,
10008,有色肉雞,113,118.000000000000,
10008,有色肉雞,112,121.000000000000,
10008,有色肉雞,111,131.000000000000,
10008,有色肉雞,110,155.000000000000,
10008,有色肉雞,109,139.000000000000,
10008,有色肉雞,108,132.000000000000,
10008,有色肉雞,107,135.000000000000,
10008,有色肉雞,106,126.000000000000,
10008,有色肉雞,105,132.000000000000,
10008,有色肉雞,104,114.000000000000,
10008,有色肉雞,103,110.000000000000,
10008,有色肉雞,102,120.000000000000,
10008,有色肉雞,101,117.000000000000,
10008,有色肉雞,100,109.000000000000,
10008,白肉雞,113,56.000000000000,
10008,白肉雞,112,65.000000000000,
10008,白肉雞,111,56.000000000000,
10008,白肉雞,110,57.000000000000,
10008,白肉雞,109,62.000000000000,
10008,白肉雞,108,56.000000000000,
10008,白肉雞,107,60.000000000000,
10008,白肉雞,106,53.000000000000,
10008,白肉雞,105,53.000000000000,
10008,白肉雞,104,53.000000000000,
10008,白肉雞,103,56.000000000000,
10008,白肉雞,102,57.000000000000,
10008,白肉雞,101,54.000000000000,
10008,白肉雞,100,56.000000000000,
10008,蛋雞,113,68.000000000000,
10008,蛋雞,112,67.000000000000,
10008,蛋雞,111,62.000000000000,
10008,蛋雞,110,61.000000000000,
10008,蛋雞,109,53.000000000000,
10008,蛋雞,108,52.000000000000,
10008,蛋雞,107,49.000000000000,
10008,蛋雞,106,43.000000000000,
10008,蛋雞,105,41.000000000000,
10008,蛋雞,104,37.000000000000,
10008,蛋雞,103,37.000000000000,
10008,蛋雞,102,34.000000000000,
10008,蛋雞,101,32.000000000000,
10008,蛋雞,100,32.000000000000,
10008,火雞,113,0.000000000000,
10008,火雞,112,0.000000000000,
10008,火雞,111,0.000000000000,
10008,火雞,110,0.000000000000,
10008,火雞,109,1.000000000000,
10008,火雞,108,1.000000000000,
10008,火雞,102,0.000000000000,
10008,火雞,101,1.000000000000,
10008,火雞,100,1.000000000000,
10008,鵝,113,7.000000000000,
10008,鵝,112,6.000000000000,
10008,鵝,111,8.000000000000,
10008,鵝,110,10.000000000000,
10008,鵝,109,11.000000000000,
10008,鵝,108,10.000000000000,
10008,鵝,107,7.000000000000,
10008,鵝,106,6.000000000000,
10008,鵝,105,2.000000000000,
10008,鵝,104,2.000000000000,
10008,鵝,103,8.000000000000,
10008,鵝,102,7.000000000000,
10008,鵝,101,7.000000000000,
10008,鵝,100,12.000000000000,
10008,鴨,113,24.000000000000,
10008,鴨,112,23.000000000000,
10008,鴨,111,33.000000000000,
10008,鴨,110,65.000000000000,
10008,鴨,109,54.000000000000,
10008,鴨,108,60.000000000000,
10008,鴨,107,59.000000000000,
10008,鴨,106,63.000000000000,
10008,鴨,105,39.000000000000,
10008,鴨,104,35.000000000000,
10008,鴨,103,28.000000000000,
10008,鴨,102,28.000000000000,
10008,鴨,101,29.000000000000,
10008,鴨,100,32.000000000000,
10008,雞,113,251.000000000000,
10008,雞,112,254.000000000000,
10008,雞,111,248.000000000000,
10008,雞,110,254.000000000000,
10008,雞,109,246.000000000000,
10008,雞,108,238.000000000000,
10008,雞,107,227.000000000000,
10008,雞,106,211.000000000000,
10008,雞,105,212.000000000000,
10008,雞,104,204.000000000000,
10008,雞,103,202.000000000000,
10008,雞,102,201.000000000000,
10008,雞,101,194.000000000000,
10008,雞,100,206.000000000000,
10007,有色肉雞,113,253.000000000000,
10007,有色肉雞,112,254.000000000000,
10007,有色肉雞,111,266.000000000000,
10007,有色肉雞,110,257.000000000000,
10007,有色肉雞,109,261.000000000000,
10007,有色肉雞,108,296.000000000000,
10007,有色肉雞,107,305.000000000000,
10007,有色肉雞,106,286.000000000000,
10007,有色肉雞,105,301.000000000000,
10007,有色肉雞,104,315.000000000000,
10007,有色肉雞,103,352.000000000000,
10007,有色肉雞,102,331.000000000000,
10007,有色肉雞,101,314.000000000000,
10007,有色肉雞,100,347.000000000000,
10007,白肉雞,113,202.000000000000,
10007,白肉雞,112,197.000000000000,
10007,白肉雞,111,184.000000000000,
10007,白肉雞,110,181.000000000000,
10007,白肉雞,109,179.000000000000,
10007,白肉雞,108,174.000000000000,
10007,白肉雞,107,152.000000000000,
10007,白肉雞,106,149.000000000000,
10007,白肉雞,105,136.000000000000,
10007,白肉雞,104,127.000000000000,
10007,白肉雞,103,122.000000000000,
10007,白肉雞,102,123.000000000000,
10007,白肉雞,101,123.000000000000,
10007,白肉雞,100,118.000000000000,
10007,蛋雞,113,931.000000000000,
10007,蛋雞,112,925.000000000000,
10007,蛋雞,111,912.000000000000,
10007,蛋雞,110,896.000000000000,
10007,蛋雞,109,878.000000000000,
10007,蛋雞,108,854.000000000000,
10007,蛋雞,107,839.000000000000,
10007,蛋雞,106,826.000000000000,
10007,蛋雞,105,822.000000000000,
10007,蛋雞,104,806.000000000000,
10007,蛋雞,103,798.000000000000,
10007,蛋雞,102,807.000000000000,
10007,蛋雞,101,802.000000000000,
10007,蛋雞,100,811.000000000000,
10007,火雞,113,2.000000000000,
10007,火雞,112,3.000000000000,
10007,火雞,111,5.000000000000,
10007,火雞,110,2.000000000000,
10007,火雞,109,2.000000000000,
10007,火雞,108,3.000000000000,
10007,火雞,107,2.000000000000,
10007,火雞,106,5.000000000000,
10007,火雞,105,4.000000000000,
10007,火雞,104,5.000000000000,
10007,火雞,103,7.000000000000,
10007,火雞,102,9.000000000000,
10007,火雞,101,8.000000000000,
10007,火雞,100,9.000000000000,
10007,鵝,113,25.000000000000,
10007,鵝,112,27.000000000000,
10007,鵝,111,27.000000000000,
10007,鵝,110,26.000000000000,
10007,鵝,109,28.000000000000,
10007,鵝,108,29.000000000000,
10007,鵝,107,36.000000000000,
10007,鵝,106,50.000000000000,
10007,鵝,105,22.000000000000,
10007,鵝,104,18.000000000000,
10007,鵝,103,73.000000000000,
10007,鵝,102,78.000000000000,
10007,鵝,101,80.000000000000,
10007,鵝,100,69.000000000000,
10007,鴨,113,1047.000000000000,
10007,鴨,112,1060.000000000000,
10007,鴨,111,1128.000000000000,
10007,鴨,110,1110.000000000000,
10007,鴨,109,1121.000000000000,
10007,鴨,108,1098.000000000000,
10007,鴨,107,1079.000000000000,
10007,鴨,106,1033.000000000000,
10007,鴨,105,1162.000000000000,
10007,鴨,104,1154.000000000000,
10007,鴨,103,1151.000000000000,
10007,鴨,102,1222.000000000000,
10007,鴨,101,1276.000000000000,
10007,鴨,100,1305.000000000000,
10007,雞,113,1400.000000000000,
10007,雞,112,1392.000000000000,
10007,雞,111,1373.000000000000,
10007,雞,110,1349.000000000000,
10007,雞,109,1325.000000000000,
10007,雞,108,1325.000000000000,
10007,雞,107,1293.000000000000,
10007,雞,106,1269.000000000000,
10007,雞,105,1256.000000000000,
10007,雞,104,1250.000000000000,
10007,雞,103,1268.000000000000,
10007,雞,102,1253.000000000000,
10007,雞,101,1242.000000000000,
10007,雞,100,1262.000000000000,
10005,有色肉雞,113,126.000000000000,
10005,有色肉雞,112,127.000000000000,
10005,有色肉雞,111,129.000000000000,
10005,有色肉雞,110,143.000000000000,
10005,有色肉雞,109,134.000000000000,
10005,有色肉雞,108,151.000000000000,
10005,有色肉雞,107,142.000000000000,
10005,有色肉雞,106,154.000000000000,
10005,有色肉雞,105,149.000000000000,
10005,有色肉雞,104,163.000000000000,
10005,有色肉雞,103,179.000000000000,
10005,有色肉雞,102,187.000000000000,
10005,有色肉雞,101,184.000000000000,
10005,有色肉雞,100,179.000000000000,
10005,白肉雞,113,28.000000000000,
10005,白肉雞,112,24.000000000000,
10005,白肉雞,111,30.000000000000,
10005,白肉雞,110,30.000000000000,
10005,白肉雞,109,30.000000000000,
10005,白肉雞,108,29.000000000000,
10005,白肉雞,107,29.000000000000,
10005,白肉雞,106,27.000000000000,
10005,白肉雞,105,28.000000000000,
10005,白肉雞,104,30.000000000000,
10005,白肉雞,103,38.000000000000,
10005,白肉雞,102,33.000000000000,
10005,白肉雞,101,36.000000000000,
10005,白肉雞,100,39.000000000000,
10005,蛋雞,113,62.000000000000,
10005,蛋雞,112,61.000000000000,
10005,蛋雞,111,54.000000000000,
10005,蛋雞,110,51.000000000000,
10005,蛋雞,109,47.000000000000,
10005,蛋雞,108,41.000000000000,
10005,蛋雞,107,37.000000000000,
10005,蛋雞,106,37.000000000000,
10005,蛋雞,105,35.000000000000,
10005,蛋雞,104,32.000000000000,
10005,蛋雞,103,30.000000000000,
10005,蛋雞,102,29.000000000000,
10005,蛋雞,101,28.000000000000,
10005,蛋雞,100,25.000000000000,
10005,火雞,113,0.000000000000,
10005,火雞,112,0.000000000000,
10005,火雞,111,0.000000000000,
10005,火雞,110,0.000000000000,
10005,火雞,109,0.000000000000,
10005,火雞,108,0.000000000000,
10005,火雞,106,0.000000000000,
10005,火雞,105,0.000000000000,
10005,火雞,104,0.000000000000,
10005,火雞,103,1.000000000000,
10005,火雞,102,0.000000000000,
10005,火雞,101,0.000000000000,
10005,火雞,100,0.000000000000,
10005,鵝,113,4.000000000000,
10005,鵝,112,8.000000000000,
10005,鵝,111,8.000000000000,
10005,鵝,110,8.000000000000,
10005,鵝,109,8.000000000000,
10005,鵝,108,7.000000000000,
10005,鵝,107,6.000000000000,
10005,鵝,106,5.000000000000,
10005,鵝,105,4.000000000000,
10005,鵝,104,4.000000000000,
10005,鵝,103,6.000000000000,
10005,鵝,102,4.000000000000,
10005,鵝,101,5.000000000000,
10005,鵝,100,6.000000000000,
10005,鴨,113,7.000000000000,
10005,鴨,112,7.000000000000,
10005,鴨,111,9.000000000000,
10005,鴨,110,7.000000000000,
10005,鴨,109,8.000000000000,
10005,鴨,108,7.000000000000,
10005,鴨,107,5.000000000000,
10005,鴨,106,4.000000000000,
10005,鴨,105,5.000000000000,
10005,鴨,104,5.000000000000,
10005,鴨,103,5.000000000000,
10005,鴨,102,4.000000000000,
10005,鴨,101,5.000000000000,
10005,鴨,100,5.000000000000,
10005,雞,113,188.000000000000,
10005,雞,112,188.000000000000,
10005,雞,111,194.000000000000,
10005,雞,110,201.000000000000,
10005,雞,109,194.000000000000,
10005,雞,108,187.000000000000,
10005,雞,107,186.000000000000,
10005,雞,106,186.000000000000,
10005,雞,105,178.000000000000,
10005,雞,104,181.000000000000,
10005,雞,103,189.000000000000,
10005,雞,102,188.000000000000,
10005,雞,101,197.000000000000,
10005,雞,100,183.000000000000,
10004,有色肉雞,113,87.000000000000,
10004,有色肉雞,112,85.000000000000,
10004,有色肉雞,111,88.000000000000,
10004,有色肉雞,110,99.000000000000,
10004,有色肉雞,109,97.000000000000,
10004,有色肉雞,108,94.000000000000,
10004,有色肉雞,107,96.000000000000,
10004,有色肉雞,106,111.000000000000,
10004,有色肉雞,105,107.000000000000,
10004,有色肉雞,104,107.000000000000,
10004,有色肉雞,103,93.000000000000,
10004,有色肉雞,102,95.000000000000,
10004,有色肉雞,101,101.000000000000,
10004,有色肉雞,100,108.000000000000,
10004,白肉雞,113,38.000000000000,
10004,白肉雞,112,37.000000000000,
10004,白肉雞,111,39.000000000000,
10004,白肉雞,110,39.000000000000,
10004,白肉雞,109,41.000000000000,
10004,白肉雞,108,39.000000000000,
10004,白肉雞,107,38.000000000000,
10004,白肉雞,106,41.000000000000,
10004,白肉雞,105,49.000000000000,
10004,白肉雞,104,47.000000000000,
10004,白肉雞,103,50.000000000000,
10004,白肉雞,102,46.000000000000,
10004,白肉雞,101,46.000000000000,
10004,白肉雞,100,44.000000000000,
10004,蛋雞,113,37.000000000000,
10004,蛋雞,112,35.000000000000,
10004,蛋雞,111,38.000000000000,
10004,蛋雞,110,37.000000000000,
10004,蛋雞,109,30.000000000000,
10004,蛋雞,108,28.000000000000,
10004,蛋雞,107,24.000000000000,
10004,蛋雞,106,18.000000000000,
10004,蛋雞,105,16.000000000000,
10004,蛋雞,104,12.000000000000,
10004,蛋雞,103,7.000000000000,
10004,蛋雞,102,7.000000000000,
10004,蛋雞,101,7.000000000000,
10004,蛋雞,100,5.000000000000,
10004,火雞,113,0.000000000000,
10004,火雞,112,2.000000000000,
10004,火雞,111,1.000000000000,
10004,火雞,110,1.000000000000,
10004,火雞,109,1.000000000000,
10004,火雞,108,1.000000000000,
10004,火雞,107,1.000000000000,
10004,火雞,106,1.000000000000,
10004,火雞,105,0.000000000000,
10004,火雞,104,1.000000000000,
10004,鵝,113,3.000000000000,
10004,鵝,112,4.000000000000,
10004,鵝,111,6.000000000000,
10004,鵝,110,5.000000000000,
10004,鵝,109,4.000000000000,
10004,鵝,108,3.000000000000,
10004,鵝,107,3.000000000000,
10004,鵝,106,2.000000000000,
10004,鵝,105,4.000000000000,
10004,鵝,104,1.000000000000,
10004,鵝,103,2.000000000000,
10004,鵝,102,3.000000000000,
10004,鵝,101,3.000000000000,
10004,鵝,100,3.000000000000,
10004,鴨,113,9.000000000000,
10004,鴨,112,13.000000000000,
10004,鴨,111,14.000000000000,
10004,鴨,110,12.000000000000,
10004,鴨,109,8.000000000000,
10004,鴨,108,9.000000000000,
10004,鴨,107,11.000000000000,
10004,鴨,106,8.000000000000,
10004,鴨,105,10.000000000000,
10004,鴨,104,9.000000000000,
10004,鴨,103,9.000000000000,
10004,鴨,102,10.000000000000,
10004,鴨,101,10.000000000000,
10004,鴨,100,12.000000000000,
10004,雞,113,134.000000000000,
10004,雞,112,139.000000000000,
10004,雞,111,142.000000000000,
10004,雞,110,147.000000000000,
10004,雞,109,142.000000000000,
10004,雞,108,137.000000000000,
10004,雞,107,135.000000000000,
10004,雞,106,146.000000000000,
10004,雞,105,148.000000000000,
10004,雞,104,151.000000000000,
10004,雞,103,139.000000000000,
10004,雞,102,139.000000000000,
10004,雞,101,146.000000000000,
10004,雞,100,146.000000000000,
10003,有色肉雞,103,47.000000000000,
10003,有色肉雞,102,48.000000000000,
10003,有色肉雞,101,47.000000000000,
10003,有色肉雞,100,50.000000000000,
10003,白肉雞,103,73.000000000000,
10003,白肉雞,102,78.000000000000,
10003,白肉雞,101,87.000000000000,
10003,白肉雞,100,89.000000000000,
10003,蛋雞,103,14.000000000000,
10003,蛋雞,102,15.000000000000,
10003,蛋雞,101,13.000000000000,
10003,蛋雞,100,12.000000000000,
10003,火雞,103,1.000000000000,
10003,火雞,102,1.000000000000,
10003,火雞,101,1.000000000000,
10003,火雞,100,1.000000000000,
10003,鵝,103,13.000000000000,
10003,鵝,102,14.000000000000,
10003,鵝,101,14.000000000000,
10003,鵝,100,16.000000000000,
10003,鴨,103,11.000000000000,
10003,鴨,102,13.000000000000,
10003,鴨,101,14.000000000000,
10003,鴨,100,15.000000000000,
10003,雞,103,125.000000000000,
10003,雞,102,131.000000000000,
10003,雞,101,141.000000000000,
10003,雞,100,142.000000000000,
10002,有色肉雞,113,26.000000000000,
10002,有色肉雞,112,26.000000000000,
10002,有色肉雞,111,32.000000000000,
10002,有色肉雞,110,34.000000000000,
10002,有色肉雞,109,35.000000000000,
10002,有色肉雞,108,30.000000000000,
10002,有色肉雞,107,30.000000000000,
10002,有色肉雞,106,25.000000000000,
10002,有色肉雞,105,30.000000000000,
10002,有色肉雞,104,32.000000000000,
10002,有色肉雞,103,35.000000000000,
10002,有色肉雞,102,27.000000000000,
10002,有色肉雞,101,31.000000000000,
10002,有色肉雞,100,35.000000000000,
10002,白肉雞,113,59.000000000000,
10002,白肉雞,112,60.000000000000,
10002,白肉雞,111,60.000000000000,
10002,白肉雞,110,59.000000000000,
10002,白肉雞,109,59.000000000000,
10002,白肉雞,108,58.000000000000,
10002,白肉雞,107,57.000000000000,
10002,白肉雞,106,58.000000000000,
10002,白肉雞,105,56.000000000000,
10002,白肉雞,104,53.000000000000,
10002,白肉雞,103,56.000000000000,
10002,白肉雞,102,59.000000000000,
10002,白肉雞,101,67.000000000000,
10002,白肉雞,100,65.000000000000,
10002,蛋雞,113,7.000000000000,
10002,蛋雞,112,6.000000000000,
10002,蛋雞,111,8.000000000000,
10002,蛋雞,110,7.000000000000,
10002,蛋雞,109,7.000000000000,
10002,蛋雞,108,6.000000000000,
10002,蛋雞,107,5.000000000000,
10002,蛋雞,106,4.000000000000,
10002,蛋雞,105,3.000000000000,
10002,蛋雞,104,4.000000000000,
10002,蛋雞,103,6.000000000000,
10002,蛋雞,102,3.000000000000,
10002,蛋雞,101,2.000000000000,
10002,蛋雞,100,2.000000000000,
10002,火雞,113,1.000000000000,
10002,火雞,112,1.000000000000,
10002,火雞,111,1.000000000000,
10002,火雞,110,1.000000000000,
10002,火雞,109,1.000000000000,
10002,火雞,108,1.000000000000,
10002,火雞,107,0.000000000000,
10002,火雞,106,0.000000000000,
10002,火雞,105,0.000000000000,
10002,火雞,104,3.000000000000,
10002,火雞,103,3.000000000000,
10002,火雞,102,1.000000000000,
10002,火雞,101,1.000000000000,
10002,火雞,100,2.000000000000,
10002,鵝,113,1.000000000000,
10002,鵝,112,1.000000000000,
10002,鵝,111,2.000000000000,
10002,鵝,110,2.000000000000,
10002,鵝,109,1.000000000000,
10002,鵝,108,1.000000000000,
10002,鵝,107,1.000000000000,
10002,鵝,106,1.000000000000,
10002,鵝,105,1.000000000000,
10002,鵝,104,3.000000000000,
10002,鵝,103,5.000000000000,
10002,鵝,102,2.000000000000,
10002,鵝,101,3.000000000000,
10002,鵝,100,7.000000000000,
10002,鴨,113,34.000000000000,
10002,鴨,112,34.000000000000,
10002,鴨,111,37.000000000000,
10002,鴨,110,38.000000000000,
10002,鴨,109,37.000000000000,
10002,鴨,108,38.000000000000,
10002,鴨,107,39.000000000000,
10002,鴨,106,39.000000000000,
10002,鴨,105,43.000000000000,
10002,鴨,104,44.000000000000,
10002,鴨,103,46.000000000000,
10002,鴨,102,44.000000000000,
10002,鴨,101,48.000000000000,
10002,鴨,100,48.000000000000,
10002,雞,113,91.000000000000,
10002,雞,112,92.000000000000,
10002,雞,111,97.000000000000,
10002,雞,110,95.000000000000,
10002,雞,109,96.000000000000,
10002,雞,108,90.000000000000,
10002,雞,107,92.000000000000,
10002,雞,106,90.000000000000,
10002,雞,105,91.000000000000,
10002,雞,104,87.000000000000,
10002,雞,103,92.000000000000,
10002,雞,102,90.000000000000,
10002,雞,101,96.000000000000,
10002,雞,100,98.000000000000,
臺灣省00,有色肉雞,113,2299.000000000000,
臺灣省00,有色肉雞,112,2288.000000000000,
臺灣省00,有色肉雞,111,2370.000000000000,
臺灣省00,有色肉雞,110,2458.000000000000,
臺灣省00,有色肉雞,109,2413.000000000000,
臺灣省00,有色肉雞,108,2438.000000000000,
臺灣省00,有色肉雞,107,2555.000000000000,
臺灣省00,有色肉雞,106,2396.000000000000,
臺灣省00,有色肉雞,105,2366.000000000000,
臺灣省00,有色肉雞,104,2340.000000000000,
臺灣省00,有色肉雞,103,2378.000000000000,
臺灣省00,有色肉雞,102,2341.000000000000,
臺灣省00,有色肉雞,101,2409.000000000000,
臺灣省00,有色肉雞,100,2566.000000000000,
臺灣省00,白肉雞,113,771.000000000000,
臺灣省00,白肉雞,112,747.000000000000,
臺灣省00,白肉雞,111,721.000000000000,
臺灣省00,白肉雞,110,710.000000000000,
臺灣省00,白肉雞,109,710.000000000000,
臺灣省00,白肉雞,108,700.000000000000,
臺灣省00,白肉雞,107,688.000000000000,
臺灣省00,白肉雞,106,630.000000000000,
臺灣省00,白肉雞,105,616.000000000000,
臺灣省00,白肉雞,104,585.000000000000,
臺灣省00,白肉雞,103,663.000000000000,
臺灣省00,白肉雞,102,637.000000000000,
臺灣省00,白肉雞,101,668.000000000000,
臺灣省00,白肉雞,100,672.000000000000,
臺灣省00,蛋雞,113,1773.000000000000,
臺灣省00,蛋雞,112,1755.000000000000,
臺灣省00,蛋雞,111,1692.000000000000,
臺灣省00,蛋雞,110,1665.000000000000,
臺灣省00,蛋雞,109,1597.000000000000,
臺灣省00,蛋雞,108,1553.000000000000,
臺灣省00,蛋雞,107,1492.000000000000,
臺灣省00,蛋雞,106,1452.000000000000,
臺灣省00,蛋雞,105,1439.000000000000,
臺灣省00,蛋雞,104,1401.000000000000,
臺灣省00,蛋雞,103,1392.000000000000,
臺灣省00,蛋雞,102,1381.000000000000,
臺灣省00,蛋雞,101,1365.000000000000,
臺灣省00,蛋雞,100,1356.000000000000,
臺灣省00,火雞,113,51.000000000000,
臺灣省00,火雞,112,47.000000000000,
臺灣省00,火雞,111,45.000000000000,
臺灣省00,火雞,110,56.000000000000,
臺灣省00,火雞,109,54.000000000000,
臺灣省00,火雞,108,59.000000000000,
臺灣省00,火雞,107,54.000000000000,
臺灣省00,火雞,106,53.000000000000,
臺灣省00,火雞,105,52.000000000000,
臺灣省00,火雞,104,55.000000000000,
臺灣省00,火雞,103,61.000000000000,
臺灣省00,火雞,102,55.000000000000,
臺灣省00,火雞,101,55.000000000000,
臺灣省00,火雞,100,53.000000000000,
臺灣省00,鵝,113,533.000000000000,
臺灣省00,鵝,112,493.000000000000,
臺灣省00,鵝,111,529.000000000000,
臺灣省00,鵝,110,567.000000000000,
臺灣省00,鵝,109,585.000000000000,
臺灣省00,鵝,108,550.000000000000,
臺灣省00,鵝,107,522.000000000000,
臺灣省00,鵝,106,521.000000000000,
臺灣省00,鵝,105,335.000000000000,
臺灣省00,鵝,104,252.000000000000,
臺灣省00,鵝,103,826.000000000000,
臺灣省00,鵝,102,764.000000000000,
臺灣省00,鵝,101,704.000000000000,
臺灣省00,鵝,100,699.000000000000,
臺灣省00,鴨,113,2468.000000000000,
臺灣省00,鴨,112,2460.000000000000,
臺灣省00,鴨,111,2569.000000000000,
臺灣省00,鴨,110,2562.000000000000,
臺灣省00,鴨,109,2557.000000000000,
臺灣省00,鴨,108,2617.000000000000,
臺灣省00,鴨,107,2705.000000000000,
臺灣省00,鴨,106,2571.000000000000,
臺灣省00,鴨,105,2658.000000000000,
臺灣省00,鴨,104,2528.000000000000,
臺灣省00,鴨,103,2481.000000000000,
臺灣省00,鴨,102,2483.000000000000,
臺灣省00,鴨,101,2568.000000000000,
臺灣省00,鴨,100,2633.000000000000,
臺灣省00,雞,113,4727.000000000000,
臺灣省00,雞,112,4710.000000000000,
臺灣省00,雞,111,4697.000000000000,
臺灣省00,雞,110,4712.000000000000,
臺灣省00,雞,109,4629.000000000000,
臺灣省00,雞,108,4579.000000000000,
臺灣省00,雞,107,4562.000000000000,
臺灣省00,雞,106,4386.000000000000,
臺灣省00,雞,105,4301.000000000000,
臺灣省00,雞,104,4214.000000000000,
臺灣省00,雞,103,4305.000000000000,
臺灣省00,雞,102,4221.000000000000,
臺灣省00,雞,101,4291.000000000000,
臺灣省00,雞,100,4400.000000000000,
合計000,有色肉雞,113,3278.000000000000,
合計000,有色肉雞,112,3267.000000000000,
合計000,有色肉雞,111,3389.000000000000,
合計000,有色肉雞,110,3525.000000000000,
合計000,有色肉雞,109,3520.000000000000,
合計000,有色肉雞,108,3479.000000000000,
合計000,有色肉雞,107,3611.000000000000,
合計000,有色肉雞,106,3456.000000000000,
合計000,有色肉雞,105,3416.000000000000,
合計000,有色肉雞,104,3414.000000000000,
合計000,有色肉雞,103,3387.000000000000,
合計000,有色肉雞,102,3338.000000000000,
合計000,有色肉雞,101,3471.000000000000,
合計000,有色肉雞,100,3674.000000000000,
合計000,白肉雞,113,1009.000000000000,
合計000,白肉雞,112,972.000000000000,
合計000,白肉雞,111,943.000000000000,
合計000,白肉雞,110,936.000000000000,
合計000,白肉雞,109,937.000000000000,
合計000,白肉雞,108,924.000000000000,
合計000,白肉雞,107,903.000000000000,
合計000,白肉雞,106,844.000000000000,
合計000,白肉雞,105,823.000000000000,
合計000,白肉雞,104,793.000000000000,
合計000,白肉雞,103,803.000000000000,
合計000,白肉雞,102,785.000000000000,
合計000,白肉雞,101,828.000000000000,
合計000,白肉雞,100,830.000000000000,
合計000,白肉雞,099,847.000000000000,
合計000,白肉雞,098,852.000000000000,
合計000,蛋雞,113,2241.000000000000,
合計000,蛋雞,112,2204.000000000000,
合計000,蛋雞,111,2112.000000000000,
合計000,蛋雞,110,2073.000000000000,
合計000,蛋雞,109,1986.000000000000,
合計000,蛋雞,108,1925.000000000000,
合計000,蛋雞,107,1853.000000000000,
合計000,蛋雞,106,1808.000000000000,
合計000,蛋雞,105,1788.000000000000,
合計000,蛋雞,104,1745.000000000000,
合計000,蛋雞,103,1719.000000000000,
合計000,蛋雞,102,1706.000000000000,
合計000,蛋雞,101,1689.000000000000,
合計000,蛋雞,100,1676.000000000000,
合計000,火雞,113,75.000000000000,
合計000,火雞,112,70.000000000000,
合計000,火雞,111,64.000000000000,
合計000,火雞,110,86.000000000000,
合計000,火雞,109,86.000000000000,
合計000,火雞,108,98.000000000000,
合計000,火雞,107,91.000000000000,
合計000,火雞,106,84.000000000000,
合計000,火雞,105,82.000000000000,
合計000,火雞,104,82.000000000000,
合計000,火雞,103,92.000000000000,
合計000,火雞,102,88.000000000000,
合計000,火雞,101,89.000000000000,
合計000,火雞,100,86.000000000000,
合計000,火雞,099,82.000000000000,
合計000,火雞,098,88.000000000000,
合計000,火雞,097,105.000000000000,
合計000,火雞,096,110.000000000000,
合計000,鵝,113,745.000000000000,
合計000,鵝,112,690.000000000000,
合計000,鵝,111,726.000000000000,
合計000,鵝,110,772.000000000000,
合計000,鵝,109,789.000000000000,
合計000,鵝,108,733.000000000000,
合計000,鵝,107,708.000000000000,
合計000,鵝,106,692.000000000000,
合計000,鵝,105,477.000000000000,
合計000,鵝,104,370.000000000000,
合計000,鵝,103,1011.000000000000,
合計000,鵝,102,953.000000000000,
合計000,鵝,101,898.000000000000,
合計000,鵝,100,883.000000000000,
合計000,鵝,099,968.000000000000,
合計000,鵝,098,888.000000000000,
合計000,鵝,097,986.000000000000,
合計000,鵝,096,1040.000000000000,
合計000,鴨,113,2659.000000000000,
合計000,鴨,112,2666.000000000000,
合計000,鴨,111,2768.000000000000,
合計000,鴨,110,2771.000000000000,
合計000,鴨,109,2782.000000000000,
合計000,鴨,108,2856.000000000000,
合計000,鴨,107,2964.000000000000,
合計000,鴨,106,2829.000000000000,
合計000,鴨,105,2939.000000000000,
合計000,鴨,104,2827.000000000000,
合計000,鴨,103,2790.000000000000,
合計000,鴨,102,2795.000000000000,
合計000,鴨,101,2925.000000000000,
合計000,鴨,100,2984.000000000000,
合計000,鴨,099,3010.000000000000,
合計000,鴨,098,3036.000000000000,
合計000,鴨,097,3012.000000000000,
合計000,鴨,096,3014.000000000000,
合計000,雞,113,6424.000000000000,
合計000,雞,112,6364.000000000000,
合計000,雞,111,6349.000000000000,
合計000,雞,110,6386.000000000000,
合計000,雞,109,6317.000000000000,
合計000,雞,108,6201.000000000000,
合計000,雞,107,6192.000000000000,
合計000,雞,106,5983.000000000000,
合計000,雞,105,5856.000000000000,
合計000,雞,104,5763.000000000000,
合計000,雞,103,5716.000000000000,
合計000,雞,102,5618.000000000000,
合計000,雞,101,5777.000000000000,
合計000,雞,100,5921.000000000000,
合計000,雞,099,5940.000000000000,
合計000,雞,098,6031.000000000000,
合計000,雞,097,6064.000000000000,
合計000,雞,096,6189.000000000000,

